Workbook

Sheet C車間
A1: TOPT織廠C車間排機分布圖
R2: =NOW() -> 45535.574
A3: BOD03186A01 | C3: BOD03186A01 | E3: BOD03186A01 | G3: BOD03186A01 | I3: BOD03186A01
A4: M72 | B4: CAC2 | C4: M72 | D4: CAD2 | E4: M72 | F4: CAE2 | G4: M72 | H4: CAF2 | I4: M72 | J4: CAG2 | L4: M72 | M4: CAH2 | N4: M72 | O4: CAI2 | P4: M72 | Q4: CAJ2 | R4: M72 | S4: CAK2 | T4: M72 | U4: CAL2
A5: =IF(ISNA(VLOOKUP("*"&B4&"*",Sheet1!$A$1:$F$93,5,FALSE)),"",IF(VLOOKUP("*"&B4&"*",Sheet1!$A$1:$F$93,5,FALSE)="",MID(VLOOKUP("*"&B4&"*",Sheet1!$A$1:$F$93,4,FALSE),5,8)&VLOOKUP("*"&B4&"*",Sheet1!$A$1:$F$93,6,FALSE),VLOOKUP("*"&B4&"*",Sheet1!$A$1:$F$93,5,FALSE)&VLOOKUP("*"&B4&"*",Sheet1!$A$1:$F$93,6,FALSE))) | C5: =IF(ISNA(VLOOKUP("*"&D4&"*",Sheet1!$A$1:$F$93,5,FALSE)),"",IF(VLOOKUP("*"&D4&"*",Sheet1!$A$1:$F$93,5,FALSE)="",MID(VLOOKUP("*"&D4&"*",Sheet1!$A$1:$F$93,4,FALSE),5,8)&VLOOKUP("*"&D4&"*",Sheet1!$A$1:$F$93,6,FALSE),VLOOKUP("*"&D4&"*",Sheet1!$A$1:$F$93,5,FALSE)&VLOOKUP("*"&D4&"*",Sheet1!$A$1:$F$93,6,FALSE))) | E5: =IF(ISNA(VLOOKUP("*"&F4&"*",Sheet1!$A$1:$F$93,5,FALSE)),"",IF(VLOOKUP("*"&F4&"*",Sheet1!$A$1:$F$93,5,FALSE)="",MID(VLOOKUP("*"&F4&"*",Sheet1!$A$1:$F$93,4,FALSE),5,8)&VLOOKUP("*"&F4&"*",Sheet1!$A$1:$F$93,6,FALSE),VLOOKUP("*"&F4&"*",Sheet1!$A$1:$F$93,5,FALSE)&VLOOKUP("*"&F4&"*",Sheet1!$A$1:$F$93,6,FALSE))) | G5: =IF(ISNA(VLOOKUP("*"&H4&"*",Sheet1!$A$1:$F$93,5,FALSE)),"",IF(VLOOKUP("*"&H4&"*",Sheet1!$A$1:$F$93,5,FALSE)="",MID(VLOOKUP("*"&H4&"*",Sheet1!$A$1:$F$93,4,FALSE),5,8)&VLOOKUP("*"&H4&"*",Sheet1!$A$1:$F$93,6,FALSE),VLOOKUP("*"&H4&"*",Sheet1!$A$1:$F$93,5,FALSE)&VLOOKUP("*"&H4&"*",Sheet1!$A$1:$F$93,6,FALSE))) | I5: =IF(ISNA(VLOOKUP("*"&J4&"*",Sheet1!$A$1:$F$93,5,FALSE)),"",IF(VLOOKUP("*"&J4&"*",Sheet1!$A$1:$F$93,5,FALSE)="",MID(VLOOKUP("*"&J4&"*",Sheet1!$A$1:$F$93,4,FALSE),5,8)&VLOOKUP("*"&J4&"*",Sheet1!$A$1:$F$93,6,FALSE),VLOOKUP("*"&J4&"*",Sheet1!$A$1:$F$93,5,FALSE)&VLOOKUP("*"&J4&"*",Sheet1!$A$1:$F$93,6,FALSE))) | L5: =IF(ISNA(VLOOKUP("*"&M4&"*",Sheet1!$A$1:$F$93,5,FALSE)),"",IF(VLOOKUP("*"&M4&"*",Sheet1!$A$1:$F$93,5,FALSE)="",MID(VLOOKUP("*"&M4&"*",Sheet1!$A$1:$F$93,4,FALSE),5,8)&VLOOKUP("*"&M4&"*",Sheet1!$A$1:$F$93,6,FALSE),VLOOKUP("*"&M4&"*",Sheet1!$A$1:$F$93,5,FALSE)&VLOOKUP("*"&M4&"*",Sheet1!$A$1:$F$93,6,FALSE))) | N5: =IF(ISNA(VLOOKUP("*"&O4&"*",Sheet1!$A$1:$F$93,5,FALSE)),"",IF(VLOOKUP("*"&O4&"*",Sheet1!$A$1:$F$93,5,FALSE)="",MID(VLOOKUP("*"&O4&"*",Sheet1!$A$1:$F$93,4,FALSE),5,8)&VLOOKUP("*"&O4&"*",Sheet1!$A$1:$F$93,6,FALSE),VLOOKUP("*"&O4&"*",Sheet1!$A$1:$F$93,5,FALSE)&VLOOKUP("*"&O4&"*",Sheet1!$A$1:$F$93,6,FALSE))) | P5: =IF(ISNA(VLOOKUP("*"&Q4&"*",Sheet1!$A$1:$F$93,5,FALSE)),"",IF(VLOOKUP("*"&Q4&"*",Sheet1!$A$1:$F$93,5,FALSE)="",MID(VLOOKUP("*"&Q4&"*",Sheet1!$A$1:$F$93,4,FALSE),5,8)&VLOOKUP("*"&Q4&"*",Sheet1!$A$1:$F$93,6,FALSE),VLOOKUP("*"&Q4&"*",Sheet1!$A$1:$F$93,5,FALSE)&VLOOKUP("*"&Q4&"*",Sheet1!$A$1:$F$93,6,FALSE))) | R5: =IF(ISNA(VLOOKUP("*"&S4&"*",Sheet1!$A$1:$F$93,5,FALSE)),"",IF(VLOOKUP("*"&S4&"*",Sheet1!$A$1:$F$93,5,FALSE)="",MID(VLOOKUP("*"&S4&"*",Sheet1!$A$1:$F$93,4,FALSE),5,8)&VLOOKUP("*"&S4&"*",Sheet1!$A$1:$F$93,6,FALSE),VLOOKUP("*"&S4&"*",Sheet1!$A$1:$F$93,5,FALSE)&VLOOKUP("*"&S4&"*",Sheet1!$A$1:$F$93,6,FALSE))) | T5: =IF(ISNA(VLOOKUP("*"&U4&"*",Sheet1!$A$1:$F$93,5,FALSE)),"",IF(VLOOKUP("*"&U4&"*",Sheet1!$A$1:$F$93,5,FALSE)="",MID(VLOOKUP("*"&U4&"*",Sheet1!$A$1:$F$93,4,FALSE),5,8)&VLOOKUP("*"&U4&"*",Sheet1!$A$1:$F$93,6,FALSE),VLOOKUP("*"&U4&"*",Sheet1!$A$1:$F$93,5,FALSE)&VLOOKUP("*"&U4&"*",Sheet1!$A$1:$F$93,6,FALSE)))
A6: 28G34(2976) | C6: 28G34(2976) | E6: 28G34(2976) | G6: 28G34(2976) | I6: 28G34(2976) | L6: 28G34(2976) | N6: 28G34(2976) | P6: 28G34(2976) | R6: 28G34(2976) | T6: 28G34(2976)
A7: BOD03186A01 | C7: BOD03186A01 | E7: BOD03186A01 | G7: BOD03186A01 | I7: BOD03186A01
A8: M72 | B8: CAC3 | C8: M72 | D8: CAD3 | E8: M72 | F8: CAE3 | G8: M72 | H8: CAF3 | I8: M72 | J8: CAG3 | L8: M72 | M8: CAH3 | N8: M72 | O8: CAI3 | P8: M72 | Q8: CAJ3 | R8: M72 | S8: CAK3 | T8: M72 | U8: CAL3
A9: =IF(ISNA(VLOOKUP("*"&B8&"*",Sheet1!$A$1:$F$93,5,FALSE)),"",IF(VLOOKUP("*"&B8&"*",Sheet1!$A$1:$F$93,5,FALSE)="",MID(VLOOKUP("*"&B8&"*",Sheet1!$A$1:$F$93,4,FALSE),5,8)&VLOOKUP("*"&B8&"*",Sheet1!$A$1:$F$93,6,FALSE),VLOOKUP("*"&B8&"*",Sheet1!$A$1:$F$93,5,FALSE)&VLOOKUP("*"&B8&"*",Sheet1!$A$1:$F$93,6,FALSE))) | C9: =IF(ISNA(VLOOKUP("*"&D8&"*",Sheet1!$A$1:$F$93,5,FALSE)),"",IF(VLOOKUP("*"&D8&"*",Sheet1!$A$1:$F$93,5,FALSE)="",MID(VLOOKUP("*"&D8&"*",Sheet1!$A$1:$F$93,4,FALSE),5,8)&VLOOKUP("*"&D8&"*",Sheet1!$A$1:$F$93,6,FALSE),VLOOKUP("*"&D8&"*",Sheet1!$A$1:$F$93,5,FALSE)&VLOOKUP("*"&D8&"*",Sheet1!$A$1:$F$93,6,FALSE))) | E9: =IF(ISNA(VLOOKUP("*"&F8&"*",Sheet1!$A$1:$F$93,5,FALSE)),"",IF(VLOOKUP("*"&F8&"*",Sheet1!$A$1:$F$93,5,FALSE)="",MID(VLOOKUP("*"&F8&"*",Sheet1!$A$1:$F$93,4,FALSE),5,8)&VLOOKUP("*"&F8&"*",Sheet1!$A$1:$F$93,6,FALSE),VLOOKUP("*"&F8&"*",Sheet1!$A$1:$F$93,5,FALSE)&VLOOKUP("*"&F8&"*",Sheet1!$A$1:$F$93,6,FALSE))) | G9: =IF(ISNA(VLOOKUP("*"&H8&"*",Sheet1!$A$1:$F$93,5,FALSE)),"",IF(VLOOKUP("*"&H8&"*",Sheet1!$A$1:$F$93,5,FALSE)="",MID(VLOOKUP("*"&H8&"*",Sheet1!$A$1:$F$93,4,FALSE),5,8)&VLOOKUP("*"&H8&"*",Sheet1!$A$1:$F$93,6,FALSE),VLOOKUP("*"&H8&"*",Sheet1!$A$1:$F$93,5,FALSE)&VLOOKUP("*"&H8&"*",Sheet1!$A$1:$F$93,6,FALSE))) | I9: =IF(ISNA(VLOOKUP("*"&J8&"*",Sheet1!$A$1:$F$93,5,FALSE)),"",IF(VLOOKUP("*"&J8&"*",Sheet1!$A$1:$F$93,5,FALSE)="",MID(VLOOKUP("*"&J8&"*",Sheet1!$A$1:$F$93,4,FALSE),5,8)&VLOOKUP("*"&J8&"*",Sheet1!$A$1:$F$93,6,FALSE),VLOOKUP("*"&J8&"*",Sheet1!$A$1:$F$93,5,FALSE)&VLOOKUP("*"&J8&"*",Sheet1!$A$1:$F$93,6,FALSE))) | L9: =IF(ISNA(VLOOKUP("*"&M8&"*",Sheet1!$A$1:$F$93,5,FALSE)),"",IF(VLOOKUP("*"&M8&"*",Sheet1!$A$1:$F$93,5,FALSE)="",MID(VLOOKUP("*"&M8&"*",Sheet1!$A$1:$F$93,4,FALSE),5,8)&VLOOKUP("*"&M8&"*",Sheet1!$A$1:$F$93,6,FALSE),VLOOKUP("*"&M8&"*",Sheet1!$A$1:$F$93,5,FALSE)&VLOOKUP("*"&M8&"*",Sheet1!$A$1:$F$93,6,FALSE))) | N9: =IF(ISNA(VLOOKUP("*"&O8&"*",Sheet1!$A$1:$F$93,5,FALSE)),"",IF(VLOOKUP("*"&O8&"*",Sheet1!$A$1:$F$93,5,FALSE)="",MID(VLOOKUP("*"&O8&"*",Sheet1!$A$1:$F$93,4,FALSE),5,8)&VLOOKUP("*"&O8&"*",Sheet1!$A$1:$F$93,6,FALSE),VLOOKUP("*"&O8&"*",Sheet1!$A$1:$F$93,5,FALSE)&VLOOKUP("*"&O8&"*",Sheet1!$A$1:$F$93,6,FALSE))) | P9: =IF(ISNA(VLOOKUP("*"&Q8&"*",Sheet1!$A$1:$F$93,5,FALSE)),"",IF(VLOOKUP("*"&Q8&"*",Sheet1!$A$1:$F$93,5,FALSE)="",MID(VLOOKUP("*"&Q8&"*",Sheet1!$A$1:$F$93,4,FALSE),5,8)&VLOOKUP("*"&Q8&"*",Sheet1!$A$1:$F$93,6,FALSE),VLOOKUP("*"&Q8&"*",Sheet1!$A$1:$F$93,5,FALSE)&VLOOKUP("*"&Q8&"*",Sheet1!$A$1:$F$93,6,FALSE))) | R9: =IF(ISNA(VLOOKUP("*"&S8&"*",Sheet1!$A$1:$F$93,5,FALSE)),"",IF(VLOOKUP("*"&S8&"*",Sheet1!$A$1:$F$93,5,FALSE)="",MID(VLOOKUP("*"&S8&"*",Sheet1!$A$1:$F$93,4,FALSE),5,8)&VLOOKUP("*"&S8&"*",Sheet1!$A$1:$F$93,6,FALSE),VLOOKUP("*"&S8&"*",Sheet1!$A$1:$F$93,5,FALSE)&VLOOKUP("*"&S8&"*",Sheet1!$A$1:$F$93,6,FALSE))) | T9: =IF(ISNA(VLOOKUP("*"&U8&"*",Sheet1!$A$1:$F$93,5,FALSE)),"",IF(VLOOKUP("*"&U8&"*",Sheet1!$A$1:$F$93,5,FALSE)="",MID(VLOOKUP("*"&U8&"*",Sheet1!$A$1:$F$93,4,FALSE),5,8)&VLOOKUP("*"&U8&"*",Sheet1!$A$1:$F$93,6,FALSE),VLOOKUP("*"&U8&"*",Sheet1!$A$1:$F$93,5,FALSE)&VLOOKUP("*"&U8&"*",Sheet1!$A$1:$F$93,6,FALSE)))
A10: 28G34(2976) | C10: 28G34(2976) | E10: 28G34(2976) | G10: 28G34(2976) | I10: 28G34(2976) | L10: 28G34(2976) | N10: 28G34(2976) | P10: 28G34(2976) | R10: 28G34(2976) | T10: 28G34(2976)
A11: BOD03186A01 | C11: BOD03186A01 | E11: BOD03186A01 | G11: BOD03186A01 | I11: BOD03186A01
A12: M72 | B12: CAC4 | C12: M72 | D12: CAD4 | E12: M72 | F12: CAE4 | G12: M72 | H12: CAF4 | I12: M72 | J12: CAG4 | L12: M72 | M12: CAH4 | N12: M72 | O12: CAI4 | P12: M72 | Q12: CAJ4 | R12: M72 | S12: CAK4 | T12: M72 | U12: CAL4
A13: =IF(ISNA(VLOOKUP("*"&B12&"*",Sheet1!$A$1:$F$93,5,FALSE)),"",IF(VLOOKUP("*"&B12&"*",Sheet1!$A$1:$F$93,5,FALSE)="",MID(VLOOKUP("*"&B12&"*",Sheet1!$A$1:$F$93,4,FALSE),5,8)&VLOOKUP("*"&B12&"*",Sheet1!$A$1:$F$93,6,FALSE),VLOOKUP("*"&B12&"*",Sheet1!$A$1:$F$93,5,FALSE)&VLOOKUP("*"&B12&"*",Sheet1!$A$1:$F$93,6,FALSE))) | C13: =IF(ISNA(VLOOKUP("*"&D12&"*",Sheet1!$A$1:$F$93,5,FALSE)),"",IF(VLOOKUP("*"&D12&"*",Sheet1!$A$1:$F$93,5,FALSE)="",MID(VLOOKUP("*"&D12&"*",Sheet1!$A$1:$F$93,4,FALSE),5,8)&VLOOKUP("*"&D12&"*",Sheet1!$A$1:$F$93,6,FALSE),VLOOKUP("*"&D12&"*",Sheet1!$A$1:$F$93,5,FALSE)&VLOOKUP("*"&D12&"*",Sheet1!$A$1:$F$93,6,FALSE))) | E13: =IF(ISNA(VLOOKUP("*"&F12&"*",Sheet1!$A$1:$F$93,5,FALSE)),"",IF(VLOOKUP("*"&F12&"*",Sheet1!$A$1:$F$93,5,FALSE)="",MID(VLOOKUP("*"&F12&"*",Sheet1!$A$1:$F$93,4,FALSE),5,8)&VLOOKUP("*"&F12&"*",Sheet1!$A$1:$F$93,6,FALSE),VLOOKUP("*"&F12&"*",Sheet1!$A$1:$F$93,5,FALSE)&VLOOKUP("*"&F12&"*",Sheet1!$A$1:$F$93,6,FALSE))) | G13: =IF(ISNA(VLOOKUP("*"&H12&"*",Sheet1!$A$1:$F$93,5,FALSE)),"",IF(VLOOKUP("*"&H12&"*",Sheet1!$A$1:$F$93,5,FALSE)="",MID(VLOOKUP("*"&H12&"*",Sheet1!$A$1:$F$93,4,FALSE),5,8)&VLOOKUP("*"&H12&"*",Sheet1!$A$1:$F$93,6,FALSE),VLOOKUP("*"&H12&"*",Sheet1!$A$1:$F$93,5,FALSE)&VLOOKUP("*"&H12&"*",Sheet1!$A$1:$F$93,6,FALSE))) | I13: =IF(ISNA(VLOOKUP("*"&J12&"*",Sheet1!$A$1:$F$93,5,FALSE)),"",IF(VLOOKUP("*"&J12&"*",Sheet1!$A$1:$F$93,5,FALSE)="",MID(VLOOKUP("*"&J12&"*",Sheet1!$A$1:$F$93,4,FALSE),5,8)&VLOOKUP("*"&J12&"*",Sheet1!$A$1:$F$93,6,FALSE),VLOOKUP("*"&J12&"*",Sheet1!$A$1:$F$93,5,FALSE)&VLOOKUP("*"&J12&"*",Sheet1!$A$1:$F$93,6,FALSE))) | L13: =IF(ISNA(VLOOKUP("*"&M12&"*",Sheet1!$A$1:$F$93,5,FALSE)),"",IF(VLOOKUP("*"&M12&"*",Sheet1!$A$1:$F$93,5,FALSE)="",MID(VLOOKUP("*"&M12&"*",Sheet1!$A$1:$F$93,4,FALSE),5,8)&VLOOKUP("*"&M12&"*",Sheet1!$A$1:$F$93,6,FALSE),VLOOKUP("*"&M12&"*",Sheet1!$A$1:$F$93,5,FALSE)&VLOOKUP("*"&M12&"*",Sheet1!$A$1:$F$93,6,FALSE))) | N13: =IF(ISNA(VLOOKUP("*"&O12&"*",Sheet1!$A$1:$F$93,5,FALSE)),"",IF(VLOOKUP("*"&O12&"*",Sheet1!$A$1:$F$93,5,FALSE)="",MID(VLOOKUP("*"&O12&"*",Sheet1!$A$1:$F$93,4,FALSE),5,8)&VLOOKUP("*"&O12&"*",Sheet1!$A$1:$F$93,6,FALSE),VLOOKUP("*"&O12&"*",Sheet1!$A$1:$F$93,5,FALSE)&VLOOKUP("*"&O12&"*",Sheet1!$A$1:$F$93,6,FALSE))) | P13: =IF(ISNA(VLOOKUP("*"&Q12&"*",Sheet1!$A$1:$F$93,5,FALSE)),"",IF(VLOOKUP("*"&Q12&"*",Sheet1!$A$1:$F$93,5,FALSE)="",MID(VLOOKUP("*"&Q12&"*",Sheet1!$A$1:$F$93,4,FALSE),5,8)&VLOOKUP("*"&Q12&"*",Sheet1!$A$1:$F$93,6,FALSE),VLOOKUP("*"&Q12&"*",Sheet1!$A$1:$F$93,5,FALSE)&VLOOKUP("*"&Q12&"*",Sheet1!$A$1:$F$93,6,FALSE))) | R13: =IF(ISNA(VLOOKUP("*"&S12&"*",Sheet1!$A$1:$F$93,5,FALSE)),"",IF(VLOOKUP("*"&S12&"*",Sheet1!$A$1:$F$93,5,FALSE)="",MID(VLOOKUP("*"&S12&"*",Sheet1!$A$1:$F$93,4,FALSE),5,8)&VLOOKUP("*"&S12&"*",Sheet1!$A$1:$F$93,6,FALSE),VLOOKUP("*"&S12&"*",Sheet1!$A$1:$F$93,5,FALSE)&VLOOKUP("*"&S12&"*",Sheet1!$A$1:$F$93,6,FALSE))) | T13: =IF(ISNA(VLOOKUP("*"&U12&"*",Sheet1!$A$1:$F$93,5,FALSE)),"",IF(VLOOKUP("*"&U12&"*",Sheet1!$A$1:$F$93,5,FALSE)="",MID(VLOOKUP("*"&U12&"*",Sheet1!$A$1:$F$93,4,FALSE),5,8)&VLOOKUP("*"&U12&"*",Sheet1!$A$1:$F$93,6,FALSE),VLOOKUP("*"&U12&"*",Sheet1!$A$1:$F$93,5,FALSE)&VLOOKUP("*"&U12&"*",Sheet1!$A$1:$F$93,6,FALSE)))
A14: 28G34(2976) | C14: 28G34(2976) | E14: 28G34(2976) | G14: 28G34(2976) | I14: 28G34(2976) | L14: 28G34(2976) | N14: 28G34(2976) | P14: 28G34(2976) | R14: 28G34(2976) | T14: 28G34(2976)
A15: BOD03186A01 | C15: BOD03186A01 | E15: BOD03186A01 | G15: BOD03186A01 | I15: BOD03186A01
A16: M72 | B16: CAC5 | C16: M72 | D16: CAD5 | E16: M72 | F16: CAE5 | G16: M72 | H16: CAF5 | I16: M72 | J16: CAG5 | L16: M72 | M16: CAH5 | N16: M72 | O16: CAI5 | P16: M72 | Q16: CAJ5 | R16: M72 | S16: CAK5 | T16: M72 | U16: CAL5
A17: =IF(ISNA(VLOOKUP("*"&B16&"*",Sheet1!$A$1:$F$93,5,FALSE)),"",IF(VLOOKUP("*"&B16&"*",Sheet1!$A$1:$F$93,5,FALSE)="",MID(VLOOKUP("*"&B16&"*",Sheet1!$A$1:$F$93,4,FALSE),5,8)&VLOOKUP("*"&B16&"*",Sheet1!$A$1:$F$93,6,FALSE),VLOOKUP("*"&B16&"*",Sheet1!$A$1:$F$93,5,FALSE)&VLOOKUP("*"&B16&"*",Sheet1!$A$1:$F$93,6,FALSE))) | C17: =IF(ISNA(VLOOKUP("*"&D16&"*",Sheet1!$A$1:$F$93,5,FALSE)),"",IF(VLOOKUP("*"&D16&"*",Sheet1!$A$1:$F$93,5,FALSE)="",MID(VLOOKUP("*"&D16&"*",Sheet1!$A$1:$F$93,4,FALSE),5,8)&VLOOKUP("*"&D16&"*",Sheet1!$A$1:$F$93,6,FALSE),VLOOKUP("*"&D16&"*",Sheet1!$A$1:$F$93,5,FALSE)&VLOOKUP("*"&D16&"*",Sheet1!$A$1:$F$93,6,FALSE))) | E17: =IF(ISNA(VLOOKUP("*"&F16&"*",Sheet1!$A$1:$F$93,5,FALSE)),"",IF(VLOOKUP("*"&F16&"*",Sheet1!$A$1:$F$93,5,FALSE)="",MID(VLOOKUP("*"&F16&"*",Sheet1!$A$1:$F$93,4,FALSE),5,8)&VLOOKUP("*"&F16&"*",Sheet1!$A$1:$F$93,6,FALSE),VLOOKUP("*"&F16&"*",Sheet1!$A$1:$F$93,5,FALSE)&VLOOKUP("*"&F16&"*",Sheet1!$A$1:$F$93,6,FALSE))) | G17: =IF(ISNA(VLOOKUP("*"&H16&"*",Sheet1!$A$1:$F$93,5,FALSE)),"",IF(VLOOKUP("*"&H16&"*",Sheet1!$A$1:$F$93,5,FALSE)="",MID(VLOOKUP("*"&H16&"*",Sheet1!$A$1:$F$93,4,FALSE),5,8)&VLOOKUP("*"&H16&"*",Sheet1!$A$1:$F$93,6,FALSE),VLOOKUP("*"&H16&"*",Sheet1!$A$1:$F$93,5,FALSE)&VLOOKUP("*"&H16&"*",Sheet1!$A$1:$F$93,6,FALSE))) | I17: =IF(ISNA(VLOOKUP("*"&J16&"*",Sheet1!$A$1:$F$93,5,FALSE)),"",IF(VLOOKUP("*"&J16&"*",Sheet1!$A$1:$F$93,5,FALSE)="",MID(VLOOKUP("*"&J16&"*",Sheet1!$A$1:$F$93,4,FALSE),5,8)&VLOOKUP("*"&J16&"*",Sheet1!$A$1:$F$93,6,FALSE),VLOOKUP("*"&J16&"*",Sheet1!$A$1:$F$93,5,FALSE)&VLOOKUP("*"&J16&"*",Sheet1!$A$1:$F$93,6,FALSE))) | L17: =IF(ISNA(VLOOKUP("*"&M16&"*",Sheet1!$A$1:$F$93,5,FALSE)),"",IF(VLOOKUP("*"&M16&"*",Sheet1!$A$1:$F$93,5,FALSE)="",MID(VLOOKUP("*"&M16&"*",Sheet1!$A$1:$F$93,4,FALSE),5,8)&VLOOKUP("*"&M16&"*",Sheet1!$A$1:$F$93,6,FALSE),VLOOKUP("*"&M16&"*",Sheet1!$A$1:$F$93,5,FALSE)&VLOOKUP("*"&M16&"*",Sheet1!$A$1:$F$93,6,FALSE))) | N17: =IF(ISNA(VLOOKUP("*"&O16&"*",Sheet1!$A$1:$F$93,5,FALSE)),"",IF(VLOOKUP("*"&O16&"*",Sheet1!$A$1:$F$93,5,FALSE)="",MID(VLOOKUP("*"&O16&"*",Sheet1!$A$1:$F$93,4,FALSE),5,8)&VLOOKUP("*"&O16&"*",Sheet1!$A$1:$F$93,6,FALSE),VLOOKUP("*"&O16&"*",Sheet1!$A$1:$F$93,5,FALSE)&VLOOKUP("*"&O16&"*",Sheet1!$A$1:$F$93,6,FALSE))) | P17: =IF(ISNA(VLOOKUP("*"&Q16&"*",Sheet1!$A$1:$F$93,5,FALSE)),"",IF(VLOOKUP("*"&Q16&"*",Sheet1!$A$1:$F$93,5,FALSE)="",MID(VLOOKUP("*"&Q16&"*",Sheet1!$A$1:$F$93,4,FALSE),5,8)&VLOOKUP("*"&Q16&"*",Sheet1!$A$1:$F$93,6,FALSE),VLOOKUP("*"&Q16&"*",Sheet1!$A$1:$F$93,5,FALSE)&VLOOKUP("*"&Q16&"*",Sheet1!$A$1:$F$93,6,FALSE))) | R17: =IF(ISNA(VLOOKUP("*"&S16&"*",Sheet1!$A$1:$F$93,5,FALSE)),"",IF(VLOOKUP("*"&S16&"*",Sheet1!$A$1:$F$93,5,FALSE)="",MID(VLOOKUP("*"&S16&"*",Sheet1!$A$1:$F$93,4,FALSE),5,8)&VLOOKUP("*"&S16&"*",Sheet1!$A$1:$F$93,6,FALSE),VLOOKUP("*"&S16&"*",Sheet1!$A$1:$F$93,5,FALSE)&VLOOKUP("*"&S16&"*",Sheet1!$A$1:$F$93,6,FALSE))) | T17: =IF(ISNA(VLOOKUP("*"&U16&"*",Sheet1!$A$1:$F$93,5,FALSE)),"",IF(VLOOKUP("*"&U16&"*",Sheet1!$A$1:$F$93,5,FALSE)="",MID(VLOOKUP("*"&U16&"*",Sheet1!$A$1:$F$93,4,FALSE),5,8)&VLOOKUP("*"&U16&"*",Sheet1!$A$1:$F$93,6,FALSE),VLOOKUP("*"&U16&"*",Sheet1!$A$1:$F$93,5,FALSE)&VLOOKUP("*"&U16&"*",Sheet1!$A$1:$F$93,6,FALSE)))
A18: 28G34(2976) | C18: 28G34(2976) | E18: 28G34(2976) | G18: 28G34(2976) | I18: 28G34(2976) | L18: 28G34(2976) | N18: 28G34(2976) | P18: 28G34(2976) | R18: 28G34(2976) | T18: 28G34(2976)
I20: BOR05890A18 | L20: BZH00020A02
A21: M76 | B21: CAC6 | C21: M76 | D21: CAD6 | E21: M76 | F21: CAE6 | G21: M76 | H21: CAF6 | I21: M76 | J21: CAG6 | L21: B72 | M21: CAH6 | N21: B72 | O21: CAI6 | P21: B72 | Q21: CAJ6 | R21: B72 | S21: CAK6 | T21: B72 | U21: CAL6
A22: =IF(ISNA(VLOOKUP("*"&B21&"*",Sheet1!$A$1:$F$93,5,FALSE)),"",IF(VLOOKUP("*"&B21&"*",Sheet1!$A$1:$F$93,5,FALSE)="",MID(VLOOKUP("*"&B21&"*",Sheet1!$A$1:$F$93,4,FALSE),5,8)&VLOOKUP("*"&B21&"*",Sheet1!$A$1:$F$93,6,FALSE),VLOOKUP("*"&B21&"*",Sheet1!$A$1:$F$93,5,FALSE)&VLOOKUP("*"&B21&"*",Sheet1!$A$1:$F$93,6,FALSE))) | C22: =IF(ISNA(VLOOKUP("*"&D21&"*",Sheet1!$A$1:$F$93,5,FALSE)),"",IF(VLOOKUP("*"&D21&"*",Sheet1!$A$1:$F$93,5,FALSE)="",MID(VLOOKUP("*"&D21&"*",Sheet1!$A$1:$F$93,4,FALSE),5,8)&VLOOKUP("*"&D21&"*",Sheet1!$A$1:$F$93,6,FALSE),VLOOKUP("*"&D21&"*",Sheet1!$A$1:$F$93,5,FALSE)&VLOOKUP("*"&D21&"*",Sheet1!$A$1:$F$93,6,FALSE))) | E22: =IF(ISNA(VLOOKUP("*"&F21&"*",Sheet1!$A$1:$F$93,5,FALSE)),"",IF(VLOOKUP("*"&F21&"*",Sheet1!$A$1:$F$93,5,FALSE)="",MID(VLOOKUP("*"&F21&"*",Sheet1!$A$1:$F$93,4,FALSE),5,8)&VLOOKUP("*"&F21&"*",Sheet1!$A$1:$F$93,6,FALSE),VLOOKUP("*"&F21&"*",Sheet1!$A$1:$F$93,5,FALSE)&VLOOKUP("*"&F21&"*",Sheet1!$A$1:$F$93,6,FALSE))) | G22: =IF(ISNA(VLOOKUP("*"&H21&"*",Sheet1!$A$1:$F$93,5,FALSE)),"",IF(VLOOKUP("*"&H21&"*",Sheet1!$A$1:$F$93,5,FALSE)="",MID(VLOOKUP("*"&H21&"*",Sheet1!$A$1:$F$93,4,FALSE),5,8)&VLOOKUP("*"&H21&"*",Sheet1!$A$1:$F$93,6,FALSE),VLOOKUP("*"&H21&"*",Sheet1!$A$1:$F$93,5,FALSE)&VLOOKUP("*"&H21&"*",Sheet1!$A$1:$F$93,6,FALSE))) | I22: =IF(ISNA(VLOOKUP("*"&J21&"*",Sheet1!$A$1:$F$93,5,FALSE)),"",IF(VLOOKUP("*"&J21&"*",Sheet1!$A$1:$F$93,5,FALSE)="",MID(VLOOKUP("*"&J21&"*",Sheet1!$A$1:$F$93,4,FALSE),5,8)&VLOOKUP("*"&J21&"*",Sheet1!$A$1:$F$93,6,FALSE),VLOOKUP("*"&J21&"*",Sheet1!$A$1:$F$93,5,FALSE)&VLOOKUP("*"&J21&"*",Sheet1!$A$1:$F$93,6,FALSE))) | L22: =IF(ISNA(VLOOKUP("*"&M21&"*",Sheet1!$A$1:$F$93,5,FALSE)),"",IF(VLOOKUP("*"&M21&"*",Sheet1!$A$1:$F$93,5,FALSE)="",MID(VLOOKUP("*"&M21&"*",Sheet1!$A$1:$F$93,4,FALSE),5,8)&VLOOKUP("*"&M21&"*",Sheet1!$A$1:$F$93,6,FALSE),VLOOKUP("*"&M21&"*",Sheet1!$A$1:$F$93,5,FALSE)&VLOOKUP("*"&M21&"*",Sheet1!$A$1:$F$93,6,FALSE))) | N22: =IF(ISNA(VLOOKUP("*"&O21&"*",Sheet1!$A$1:$F$93,5,FALSE)),"",IF(VLOOKUP("*"&O21&"*",Sheet1!$A$1:$F$93,5,FALSE)="",MID(VLOOKUP("*"&O21&"*",Sheet1!$A$1:$F$93,4,FALSE),5,8)&VLOOKUP("*"&O21&"*",Sheet1!$A$1:$F$93,6,FALSE),VLOOKUP("*"&O21&"*",Sheet1!$A$1:$F$93,5,FALSE)&VLOOKUP("*"&O21&"*",Sheet1!$A$1:$F$93,6,FALSE))) | P22: =IF(ISNA(VLOOKUP("*"&Q21&"*",Sheet1!$A$1:$F$93,5,FALSE)),"",IF(VLOOKUP("*"&Q21&"*",Sheet1!$A$1:$F$93,5,FALSE)="",MID(VLOOKUP("*"&Q21&"*",Sheet1!$A$1:$F$93,4,FALSE),5,8)&VLOOKUP("*"&Q21&"*",Sheet1!$A$1:$F$93,6,FALSE),VLOOKUP("*"&Q21&"*",Sheet1!$A$1:$F$93,5,FALSE)&VLOOKUP("*"&Q21&"*",Sheet1!$A$1:$F$93,6,FALSE))) | R22: =IF(ISNA(VLOOKUP("*"&S21&"*",Sheet1!$A$1:$F$93,5,FALSE)),"",IF(VLOOKUP("*"&S21&"*",Sheet1!$A$1:$F$93,5,FALSE)="",MID(VLOOKUP("*"&S21&"*",Sheet1!$A$1:$F$93,4,FALSE),5,8)&VLOOKUP("*"&S21&"*",Sheet1!$A$1:$F$93,6,FALSE),VLOOKUP("*"&S21&"*",Sheet1!$A$1:$F$93,5,FALSE)&VLOOKUP("*"&S21&"*",Sheet1!$A$1:$F$93,6,FALSE))) | T22: =IF(ISNA(VLOOKUP("*"&U21&"*",Sheet1!$A$1:$F$93,5,FALSE)),"",IF(VLOOKUP("*"&U21&"*",Sheet1!$A$1:$F$93,5,FALSE)="",MID(VLOOKUP("*"&U21&"*",Sheet1!$A$1:$F$93,4,FALSE),5,8)&VLOOKUP("*"&U21&"*",Sheet1!$A$1:$F$93,6,FALSE),VLOOKUP("*"&U21&"*",Sheet1!$A$1:$F$93,5,FALSE)&VLOOKUP("*"&U21&"*",Sheet1!$A$1:$F$93,6,FALSE)))
A23: 15G38(1860) | C23: 15G38(1860) | E23: 15G38(1860) | G23: 15G38(1860) | I23: 15G38(1860) | L23: 24G34(2556) | N23: 28G34(2976) | P23: 28G34(2976) | R23: 28G34(2976) | T23: 28G34(2976)
I24: BOI02765A01 | L24: BZH00027A02 | N24: BZH00027A02
A25: M76 | B25: CAC7 | C25: M76 | D25: CAD7 | E25: M76 | F25: CAE7 | G25: M76 | H25: CAF7 | I25: M76 | J25: CAG7 | L25: B72 | M25: CAH7 | N25: B72 | O25: CAI7 | P25: B72 | Q25: CAJ7 | R25: B72 | S25: CAK7 | T25: B72 | U25: CAL7
A26: =IF(ISNA(VLOOKUP("*"&B25&"*",Sheet1!$A$1:$F$93,5,FALSE)),"",IF(VLOOKUP("*"&B25&"*",Sheet1!$A$1:$F$93,5,FALSE)="",MID(VLOOKUP("*"&B25&"*",Sheet1!$A$1:$F$93,4,FALSE),5,8)&VLOOKUP("*"&B25&"*",Sheet1!$A$1:$F$93,6,FALSE),VLOOKUP("*"&B25&"*",Sheet1!$A$1:$F$93,5,FALSE)&VLOOKUP("*"&B25&"*",Sheet1!$A$1:$F$93,6,FALSE))) | C26: =IF(ISNA(VLOOKUP("*"&D25&"*",Sheet1!$A$1:$F$93,5,FALSE)),"",IF(VLOOKUP("*"&D25&"*",Sheet1!$A$1:$F$93,5,FALSE)="",MID(VLOOKUP("*"&D25&"*",Sheet1!$A$1:$F$93,4,FALSE),5,8)&VLOOKUP("*"&D25&"*",Sheet1!$A$1:$F$93,6,FALSE),VLOOKUP("*"&D25&"*",Sheet1!$A$1:$F$93,5,FALSE)&VLOOKUP("*"&D25&"*",Sheet1!$A$1:$F$93,6,FALSE))) | E26: =IF(ISNA(VLOOKUP("*"&F25&"*",Sheet1!$A$1:$F$93,5,FALSE)),"",IF(VLOOKUP("*"&F25&"*",Sheet1!$A$1:$F$93,5,FALSE)="",MID(VLOOKUP("*"&F25&"*",Sheet1!$A$1:$F$93,4,FALSE),5,8)&VLOOKUP("*"&F25&"*",Sheet1!$A$1:$F$93,6,FALSE),VLOOKUP("*"&F25&"*",Sheet1!$A$1:$F$93,5,FALSE)&VLOOKUP("*"&F25&"*",Sheet1!$A$1:$F$93,6,FALSE))) | G26: =IF(ISNA(VLOOKUP("*"&H25&"*",Sheet1!$A$1:$F$93,5,FALSE)),"",IF(VLOOKUP("*"&H25&"*",Sheet1!$A$1:$F$93,5,FALSE)="",MID(VLOOKUP("*"&H25&"*",Sheet1!$A$1:$F$93,4,FALSE),5,8)&VLOOKUP("*"&H25&"*",Sheet1!$A$1:$F$93,6,FALSE),VLOOKUP("*"&H25&"*",Sheet1!$A$1:$F$93,5,FALSE)&VLOOKUP("*"&H25&"*",Sheet1!$A$1:$F$93,6,FALSE))) | I26: =IF(ISNA(VLOOKUP("*"&J25&"*",Sheet1!$A$1:$F$93,5,FALSE)),"",IF(VLOOKUP("*"&J25&"*",Sheet1!$A$1:$F$93,5,FALSE)="",MID(VLOOKUP("*"&J25&"*",Sheet1!$A$1:$F$93,4,FALSE),5,8)&VLOOKUP("*"&J25&"*",Sheet1!$A$1:$F$93,6,FALSE),VLOOKUP("*"&J25&"*",Sheet1!$A$1:$F$93,5,FALSE)&VLOOKUP("*"&J25&"*",Sheet1!$A$1:$F$93,6,FALSE))) | L26: =IF(ISNA(VLOOKUP("*"&M25&"*",Sheet1!$A$1:$F$93,5,FALSE)),"",IF(VLOOKUP("*"&M25&"*",Sheet1!$A$1:$F$93,5,FALSE)="",MID(VLOOKUP("*"&M25&"*",Sheet1!$A$1:$F$93,4,FALSE),5,8)&VLOOKUP("*"&M25&"*",Sheet1!$A$1:$F$93,6,FALSE),VLOOKUP("*"&M25&"*",Sheet1!$A$1:$F$93,5,FALSE)&VLOOKUP("*"&M25&"*",Sheet1!$A$1:$F$93,6,FALSE))) | N26: =IF(ISNA(VLOOKUP("*"&O25&"*",Sheet1!$A$1:$F$93,5,FALSE)),"",IF(VLOOKUP("*"&O25&"*",Sheet1!$A$1:$F$93,5,FALSE)="",MID(VLOOKUP("*"&O25&"*",Sheet1!$A$1:$F$93,4,FALSE),5,8)&VLOOKUP("*"&O25&"*",Sheet1!$A$1:$F$93,6,FALSE),VLOOKUP("*"&O25&"*",Sheet1!$A$1:$F$93,5,FALSE)&VLOOKUP("*"&O25&"*",Sheet1!$A$1:$F$93,6,FALSE))) | P26: =IF(ISNA(VLOOKUP("*"&Q25&"*",Sheet1!$A$1:$F$93,5,FALSE)),"",IF(VLOOKUP("*"&Q25&"*",Sheet1!$A$1:$F$93,5,FALSE)="",MID(VLOOKUP("*"&Q25&"*",Sheet1!$A$1:$F$93,4,FALSE),5,8)&VLOOKUP("*"&Q25&"*",Sheet1!$A$1:$F$93,6,FALSE),VLOOKUP("*"&Q25&"*",Sheet1!$A$1:$F$93,5,FALSE)&VLOOKUP("*"&Q25&"*",Sheet1!$A$1:$F$93,6,FALSE))) | R26: =IF(ISNA(VLOOKUP("*"&S25&"*",Sheet1!$A$1:$F$93,5,FALSE)),"",IF(VLOOKUP("*"&S25&"*",Sheet1!$A$1:$F$93,5,FALSE)="",MID(VLOOKUP("*"&S25&"*",Sheet1!$A$1:$F$93,4,FALSE),5,8)&VLOOKUP("*"&S25&"*",Sheet1!$A$1:$F$93,6,FALSE),VLOOKUP("*"&S25&"*",Sheet1!$A$1:$F$93,5,FALSE)&VLOOKUP("*"&S25&"*",Sheet1!$A$1:$F$93,6,FALSE))) | T26: =IF(ISNA(VLOOKUP("*"&U25&"*",Sheet1!$A$1:$F$93,5,FALSE)),"",IF(VLOOKUP("*"&U25&"*",Sheet1!$A$1:$F$93,5,FALSE)="",MID(VLOOKUP("*"&U25&"*",Sheet1!$A$1:$F$93,4,FALSE),5,8)&VLOOKUP("*"&U25&"*",Sheet1!$A$1:$F$93,6,FALSE),VLOOKUP("*"&U25&"*",Sheet1!$A$1:$F$93,5,FALSE)&VLOOKUP("*"&U25&"*",Sheet1!$A$1:$F$93,6,FALSE)))
A27: 15G38(1860) | C27: 15G38(1860) | E27: 15G38(1860) | G27: 15G38(1860) | I27: 15G38(1860) | L27: 24G34(2556) | N27: 28G34(2976) | P27: 28G34(2976) | R27: 28G34(2976) | T27: 28G34(2976)
I28: BOIM0014A01
A29: M76 | B29: CAC8 | C29: M76 | D29: CAD8 | E29: M76 | F29: CAE8 | G29: M76 | H29: CAF8 | I29: M76 | J29: CAG8 | L29: M76 | M29: CAH8 | N29: B72 | O29: CAI8 | P29: B72 | Q29: CAJ8 | R29: B72 | S29: CAK8 | T29: B72 | U29: CAL8
A30: =IF(ISNA(VLOOKUP("*"&B29&"*",Sheet1!$A$1:$F$93,5,FALSE)),"",IF(VLOOKUP("*"&B29&"*",Sheet1!$A$1:$F$93,5,FALSE)="",MID(VLOOKUP("*"&B29&"*",Sheet1!$A$1:$F$93,4,FALSE),5,8)&VLOOKUP("*"&B29&"*",Sheet1!$A$1:$F$93,6,FALSE),VLOOKUP("*"&B29&"*",Sheet1!$A$1:$F$93,5,FALSE)&VLOOKUP("*"&B29&"*",Sheet1!$A$1:$F$93,6,FALSE))) | C30: =IF(ISNA(VLOOKUP("*"&D29&"*",Sheet1!$A$1:$F$93,5,FALSE)),"",IF(VLOOKUP("*"&D29&"*",Sheet1!$A$1:$F$93,5,FALSE)="",MID(VLOOKUP("*"&D29&"*",Sheet1!$A$1:$F$93,4,FALSE),5,8)&VLOOKUP("*"&D29&"*",Sheet1!$A$1:$F$93,6,FALSE),VLOOKUP("*"&D29&"*",Sheet1!$A$1:$F$93,5,FALSE)&VLOOKUP("*"&D29&"*",Sheet1!$A$1:$F$93,6,FALSE))) | E30: =IF(ISNA(VLOOKUP("*"&F29&"*",Sheet1!$A$1:$F$93,5,FALSE)),"",IF(VLOOKUP("*"&F29&"*",Sheet1!$A$1:$F$93,5,FALSE)="",MID(VLOOKUP("*"&F29&"*",Sheet1!$A$1:$F$93,4,FALSE),5,8)&VLOOKUP("*"&F29&"*",Sheet1!$A$1:$F$93,6,FALSE),VLOOKUP("*"&F29&"*",Sheet1!$A$1:$F$93,5,FALSE)&VLOOKUP("*"&F29&"*",Sheet1!$A$1:$F$93,6,FALSE))) | G30: =IF(ISNA(VLOOKUP("*"&H29&"*",Sheet1!$A$1:$F$93,5,FALSE)),"",IF(VLOOKUP("*"&H29&"*",Sheet1!$A$1:$F$93,5,FALSE)="",MID(VLOOKUP("*"&H29&"*",Sheet1!$A$1:$F$93,4,FALSE),5,8)&VLOOKUP("*"&H29&"*",Sheet1!$A$1:$F$93,6,FALSE),VLOOKUP("*"&H29&"*",Sheet1!$A$1:$F$93,5,FALSE)&VLOOKUP("*"&H29&"*",Sheet1!$A$1:$F$93,6,FALSE))) | I30: =IF(ISNA(VLOOKUP("*"&J29&"*",Sheet1!$A$1:$F$93,5,FALSE)),"",IF(VLOOKUP("*"&J29&"*",Sheet1!$A$1:$F$93,5,FALSE)="",MID(VLOOKUP("*"&J29&"*",Sheet1!$A$1:$F$93,4,FALSE),5,8)&VLOOKUP("*"&J29&"*",Sheet1!$A$1:$F$93,6,FALSE),VLOOKUP("*"&J29&"*",Sheet1!$A$1:$F$93,5,FALSE)&VLOOKUP("*"&J29&"*",Sheet1!$A$1:$F$93,6,FALSE))) | L30: =IF(ISNA(VLOOKUP("*"&M29&"*",Sheet1!$A$1:$F$93,5,FALSE)),"",IF(VLOOKUP("*"&M29&"*",Sheet1!$A$1:$F$93,5,FALSE)="",MID(VLOOKUP("*"&M29&"*",Sheet1!$A$1:$F$93,4,FALSE),5,8)&VLOOKUP("*"&M29&"*",Sheet1!$A$1:$F$93,6,FALSE),VLOOKUP("*"&M29&"*",Sheet1!$A$1:$F$93,5,FALSE)&VLOOKUP("*"&M29&"*",Sheet1!$A$1:$F$93,6,FALSE))) | N30: =IF(ISNA(VLOOKUP("*"&O29&"*",Sheet1!$A$1:$F$93,5,FALSE)),"",IF(VLOOKUP("*"&O29&"*",Sheet1!$A$1:$F$93,5,FALSE)="",MID(VLOOKUP("*"&O29&"*",Sheet1!$A$1:$F$93,4,FALSE),5,8)&VLOOKUP("*"&O29&"*",Sheet1!$A$1:$F$93,6,FALSE),VLOOKUP("*"&O29&"*",Sheet1!$A$1:$F$93,5,FALSE)&VLOOKUP("*"&O29&"*",Sheet1!$A$1:$F$93,6,FALSE))) | P30: =IF(ISNA(VLOOKUP("*"&Q29&"*",Sheet1!$A$1:$F$93,5,FALSE)),"",IF(VLOOKUP("*"&Q29&"*",Sheet1!$A$1:$F$93,5,FALSE)="",MID(VLOOKUP("*"&Q29&"*",Sheet1!$A$1:$F$93,4,FALSE),5,8)&VLOOKUP("*"&Q29&"*",Sheet1!$A$1:$F$93,6,FALSE),VLOOKUP("*"&Q29&"*",Sheet1!$A$1:$F$93,5,FALSE)&VLOOKUP("*"&Q29&"*",Sheet1!$A$1:$F$93,6,FALSE))) | R30: =IF(ISNA(VLOOKUP("*"&S29&"*",Sheet1!$A$1:$F$93,5,FALSE)),"",IF(VLOOKUP("*"&S29&"*",Sheet1!$A$1:$F$93,5,FALSE)="",MID(VLOOKUP("*"&S29&"*",Sheet1!$A$1:$F$93,4,FALSE),5,8)&VLOOKUP("*"&S29&"*",Sheet1!$A$1:$F$93,6,FALSE),VLOOKUP("*"&S29&"*",Sheet1!$A$1:$F$93,5,FALSE)&VLOOKUP("*"&S29&"*",Sheet1!$A$1:$F$93,6,FALSE))) | T30: =IF(ISNA(VLOOKUP("*"&U29&"*",Sheet1!$A$1:$F$93,5,FALSE)),"",IF(VLOOKUP("*"&U29&"*",Sheet1!$A$1:$F$93,5,FALSE)="",MID(VLOOKUP("*"&U29&"*",Sheet1!$A$1:$F$93,4,FALSE),5,8)&VLOOKUP("*"&U29&"*",Sheet1!$A$1:$F$93,6,FALSE),VLOOKUP("*"&U29&"*",Sheet1!$A$1:$F$93,5,FALSE)&VLOOKUP("*"&U29&"*",Sheet1!$A$1:$F$93,6,FALSE)))
A31: 15G38(1860) | C31: 15G38(1860) | E31: 15G38(1860) | G31: 15G38(1860) | I31: 15G38(1860) | L31: 15G38(1860) | N31: 28G34(2976) | P31: 28G34(2976) | R31: 28G34(2976) | T31: 28G34(2976)
A32: 靠公司大门方向

Sheet Sheet1
