Workbook

Sheet E车间
A1: TOPT織廠E車間排機分布圖
R2: =NOW() -> 45535.578
P3: BZN02331A07 | R3: BZN02331A07 | T3: BZN02331A07
B4: EAC2 | D4: EAD2 | F4: EAE2 | H4: EAF2 | J4: EAG2 | M4: EAH2 | O4: EAI2 | P4: H120 | Q4: EAJ2 | R4: H120 | S4: EAK2 | T4: H120 | U4: EAL2
A5: =IF(ISNA(VLOOKUP("*"&B4&"*",Sheet1!$A$1:$F$93,5,FALSE)),"",IF(VLOOKUP("*"&B4&"*",Sheet1!$A$1:$F$93,5,FALSE)="",MID(VLOOKUP("*"&B4&"*",Sheet1!$A$1:$F$93,4,FALSE),5,8)&VLOOKUP("*"&B4&"*",Sheet1!$A$1:$F$93,6,FALSE),VLOOKUP("*"&B4&"*",Sheet1!$A$1:$F$93,5,FALSE)&VLOOKUP("*"&B4&"*",Sheet1!$A$1:$F$93,6,FALSE))) | C5: =IF(ISNA(VLOOKUP("*"&D4&"*",Sheet1!$A$1:$F$93,5,FALSE)),"",IF(VLOOKUP("*"&D4&"*",Sheet1!$A$1:$F$93,5,FALSE)="",MID(VLOOKUP("*"&D4&"*",Sheet1!$A$1:$F$93,4,FALSE),5,8)&VLOOKUP("*"&D4&"*",Sheet1!$A$1:$F$93,6,FALSE),VLOOKUP("*"&D4&"*",Sheet1!$A$1:$F$93,5,FALSE)&VLOOKUP("*"&D4&"*",Sheet1!$A$1:$F$93,6,FALSE))) | E5: =IF(ISNA(VLOOKUP("*"&F4&"*",Sheet1!$A$1:$F$93,5,FALSE)),"",IF(VLOOKUP("*"&F4&"*",Sheet1!$A$1:$F$93,5,FALSE)="",MID(VLOOKUP("*"&F4&"*",Sheet1!$A$1:$F$93,4,FALSE),5,8)&VLOOKUP("*"&F4&"*",Sheet1!$A$1:$F$93,6,FALSE),VLOOKUP("*"&F4&"*",Sheet1!$A$1:$F$93,5,FALSE)&VLOOKUP("*"&F4&"*",Sheet1!$A$1:$F$93,6,FALSE))) | G5: =IF(ISNA(VLOOKUP("*"&H4&"*",Sheet1!$A$1:$F$93,5,FALSE)),"",IF(VLOOKUP("*"&H4&"*",Sheet1!$A$1:$F$93,5,FALSE)="",MID(VLOOKUP("*"&H4&"*",Sheet1!$A$1:$F$93,4,FALSE),5,8)&VLOOKUP("*"&H4&"*",Sheet1!$A$1:$F$93,6,FALSE),VLOOKUP("*"&H4&"*",Sheet1!$A$1:$F$93,5,FALSE)&VLOOKUP("*"&H4&"*",Sheet1!$A$1:$F$93,6,FALSE))) | I5: =IF(ISNA(VLOOKUP("*"&J4&"*",Sheet1!$A$1:$F$93,5,FALSE)),"",IF(VLOOKUP("*"&J4&"*",Sheet1!$A$1:$F$93,5,FALSE)="",MID(VLOOKUP("*"&J4&"*",Sheet1!$A$1:$F$93,4,FALSE),5,8)&VLOOKUP("*"&J4&"*",Sheet1!$A$1:$F$93,6,FALSE),VLOOKUP("*"&J4&"*",Sheet1!$A$1:$F$93,5,FALSE)&VLOOKUP("*"&J4&"*",Sheet1!$A$1:$F$93,6,FALSE))) | L5: =IF(ISNA(VLOOKUP("*"&M4&"*",Sheet1!$A$1:$F$93,5,FALSE)),"",IF(VLOOKUP("*"&M4&"*",Sheet1!$A$1:$F$93,5,FALSE)="",MID(VLOOKUP("*"&M4&"*",Sheet1!$A$1:$F$93,4,FALSE),5,8)&VLOOKUP("*"&M4&"*",Sheet1!$A$1:$F$93,6,FALSE),VLOOKUP("*"&M4&"*",Sheet1!$A$1:$F$93,5,FALSE)&VLOOKUP("*"&M4&"*",Sheet1!$A$1:$F$93,6,FALSE))) | N5: =IF(ISNA(VLOOKUP("*"&O4&"*",Sheet1!$A$1:$F$93,5,FALSE)),"",IF(VLOOKUP("*"&O4&"*",Sheet1!$A$1:$F$93,5,FALSE)="",MID(VLOOKUP("*"&O4&"*",Sheet1!$A$1:$F$93,4,FALSE),5,8)&VLOOKUP("*"&O4&"*",Sheet1!$A$1:$F$93,6,FALSE),VLOOKUP("*"&O4&"*",Sheet1!$A$1:$F$93,5,FALSE)&VLOOKUP("*"&O4&"*",Sheet1!$A$1:$F$93,6,FALSE))) | P5: =IF(ISNA(VLOOKUP("*"&Q4&"*",Sheet1!$A$1:$F$93,5,FALSE)),"",IF(VLOOKUP("*"&Q4&"*",Sheet1!$A$1:$F$93,5,FALSE)="",MID(VLOOKUP("*"&Q4&"*",Sheet1!$A$1:$F$93,4,FALSE),5,8)&VLOOKUP("*"&Q4&"*",Sheet1!$A$1:$F$93,6,FALSE),VLOOKUP("*"&Q4&"*",Sheet1!$A$1:$F$93,5,FALSE)&VLOOKUP("*"&Q4&"*",Sheet1!$A$1:$F$93,6,FALSE))) | R5: =IF(ISNA(VLOOKUP("*"&S4&"*",Sheet1!$A$1:$F$93,5,FALSE)),"",IF(VLOOKUP("*"&S4&"*",Sheet1!$A$1:$F$93,5,FALSE)="",MID(VLOOKUP("*"&S4&"*",Sheet1!$A$1:$F$93,4,FALSE),5,8)&VLOOKUP("*"&S4&"*",Sheet1!$A$1:$F$93,6,FALSE),VLOOKUP("*"&S4&"*",Sheet1!$A$1:$F$93,5,FALSE)&VLOOKUP("*"&S4&"*",Sheet1!$A$1:$F$93,6,FALSE))) | T5: =IF(ISNA(VLOOKUP("*"&U4&"*",Sheet1!$A$1:$F$93,5,FALSE)),"",IF(VLOOKUP("*"&U4&"*",Sheet1!$A$1:$F$93,5,FALSE)="",MID(VLOOKUP("*"&U4&"*",Sheet1!$A$1:$F$93,4,FALSE),5,8)&VLOOKUP("*"&U4&"*",Sheet1!$A$1:$F$93,6,FALSE),VLOOKUP("*"&U4&"*",Sheet1!$A$1:$F$93,5,FALSE)&VLOOKUP("*"&U4&"*",Sheet1!$A$1:$F$93,6,FALSE)))
P6: 28G34(2976) | R6: 28G34(2976) | T6: 28G34(2976)
P7: BZN02320A08 | R7: ZN02320A05 | T7: BZN02320A05
B8: EAC3 | D8: EAD3 | F8: EAE3 | H8: EAF3 | J8: EAG3 | M8: EAH3 | O8: EAI3 | P8: H120 | Q8: EAJ2 | R8: H120 | S8: EAK3 | T8: H120 | U8: EAL3 | Y8: 无单 | Z8: Không có đơn
A9: =IF(ISNA(VLOOKUP("*"&B8&"*",Sheet1!$A$1:$F$93,5,FALSE)),"",IF(VLOOKUP("*"&B8&"*",Sheet1!$A$1:$F$93,5,FALSE)="",MID(VLOOKUP("*"&B8&"*",Sheet1!$A$1:$F$93,4,FALSE),5,8)&VLOOKUP("*"&B8&"*",Sheet1!$A$1:$F$93,6,FALSE),VLOOKUP("*"&B8&"*",Sheet1!$A$1:$F$93,5,FALSE)&VLOOKUP("*"&B8&"*",Sheet1!$A$1:$F$93,6,FALSE))) | C9: =IF(ISNA(VLOOKUP("*"&D8&"*",Sheet1!$A$1:$F$93,5,FALSE)),"",IF(VLOOKUP("*"&D8&"*",Sheet1!$A$1:$F$93,5,FALSE)="",MID(VLOOKUP("*"&D8&"*",Sheet1!$A$1:$F$93,4,FALSE),5,8)&VLOOKUP("*"&D8&"*",Sheet1!$A$1:$F$93,6,FALSE),VLOOKUP("*"&D8&"*",Sheet1!$A$1:$F$93,5,FALSE)&VLOOKUP("*"&D8&"*",Sheet1!$A$1:$F$93,6,FALSE))) | E9: =IF(ISNA(VLOOKUP("*"&F8&"*",Sheet1!$A$1:$F$93,5,FALSE)),"",IF(VLOOKUP("*"&F8&"*",Sheet1!$A$1:$F$93,5,FALSE)="",MID(VLOOKUP("*"&F8&"*",Sheet1!$A$1:$F$93,4,FALSE),5,8)&VLOOKUP("*"&F8&"*",Sheet1!$A$1:$F$93,6,FALSE),VLOOKUP("*"&F8&"*",Sheet1!$A$1:$F$93,5,FALSE)&VLOOKUP("*"&F8&"*",Sheet1!$A$1:$F$93,6,FALSE))) | G9: =IF(ISNA(VLOOKUP("*"&H8&"*",Sheet1!$A$1:$F$93,5,FALSE)),"",IF(VLOOKUP("*"&H8&"*",Sheet1!$A$1:$F$93,5,FALSE)="",MID(VLOOKUP("*"&H8&"*",Sheet1!$A$1:$F$93,4,FALSE),5,8)&VLOOKUP("*"&H8&"*",Sheet1!$A$1:$F$93,6,FALSE),VLOOKUP("*"&H8&"*",Sheet1!$A$1:$F$93,5,FALSE)&VLOOKUP("*"&H8&"*",Sheet1!$A$1:$F$93,6,FALSE))) | I9: =IF(ISNA(VLOOKUP("*"&J8&"*",Sheet1!$A$1:$F$93,5,FALSE)),"",IF(VLOOKUP("*"&J8&"*",Sheet1!$A$1:$F$93,5,FALSE)="",MID(VLOOKUP("*"&J8&"*",Sheet1!$A$1:$F$93,4,FALSE),5,8)&VLOOKUP("*"&J8&"*",Sheet1!$A$1:$F$93,6,FALSE),VLOOKUP("*"&J8&"*",Sheet1!$A$1:$F$93,5,FALSE)&VLOOKUP("*"&J8&"*",Sheet1!$A$1:$F$93,6,FALSE))) | L9: =IF(ISNA(VLOOKUP("*"&M8&"*",Sheet1!$A$1:$F$93,5,FALSE)),"",IF(VLOOKUP("*"&M8&"*",Sheet1!$A$1:$F$93,5,FALSE)="",MID(VLOOKUP("*"&M8&"*",Sheet1!$A$1:$F$93,4,FALSE),5,8)&VLOOKUP("*"&M8&"*",Sheet1!$A$1:$F$93,6,FALSE),VLOOKUP("*"&M8&"*",Sheet1!$A$1:$F$93,5,FALSE)&VLOOKUP("*"&M8&"*",Sheet1!$A$1:$F$93,6,FALSE))) | N9: =IF(ISNA(VLOOKUP("*"&O8&"*",Sheet1!$A$1:$F$93,5,FALSE)),"",IF(VLOOKUP("*"&O8&"*",Sheet1!$A$1:$F$93,5,FALSE)="",MID(VLOOKUP("*"&O8&"*",Sheet1!$A$1:$F$93,4,FALSE),5,8)&VLOOKUP("*"&O8&"*",Sheet1!$A$1:$F$93,6,FALSE),VLOOKUP("*"&O8&"*",Sheet1!$A$1:$F$93,5,FALSE)&VLOOKUP("*"&O8&"*",Sheet1!$A$1:$F$93,6,FALSE))) | P9: =IF(ISNA(VLOOKUP("*"&Q8&"*",Sheet1!$A$1:$F$93,5,FALSE)),"",IF(VLOOKUP("*"&Q8&"*",Sheet1!$A$1:$F$93,5,FALSE)="",MID(VLOOKUP("*"&Q8&"*",Sheet1!$A$1:$F$93,4,FALSE),5,8)&VLOOKUP("*"&Q8&"*",Sheet1!$A$1:$F$93,6,FALSE),VLOOKUP("*"&Q8&"*",Sheet1!$A$1:$F$93,5,FALSE)&VLOOKUP("*"&Q8&"*",Sheet1!$A$1:$F$93,6,FALSE))) | R9: =IF(ISNA(VLOOKUP("*"&S8&"*",Sheet1!$A$1:$F$93,5,FALSE)),"",IF(VLOOKUP("*"&S8&"*",Sheet1!$A$1:$F$93,5,FALSE)="",MID(VLOOKUP("*"&S8&"*",Sheet1!$A$1:$F$93,4,FALSE),5,8)&VLOOKUP("*"&S8&"*",Sheet1!$A$1:$F$93,6,FALSE),VLOOKUP("*"&S8&"*",Sheet1!$A$1:$F$93,5,FALSE)&VLOOKUP("*"&S8&"*",Sheet1!$A$1:$F$93,6,FALSE))) | T9: =IF(ISNA(VLOOKUP("*"&U8&"*",Sheet1!$A$1:$F$93,5,FALSE)),"",IF(VLOOKUP("*"&U8&"*",Sheet1!$A$1:$F$93,5,FALSE)="",MID(VLOOKUP("*"&U8&"*",Sheet1!$A$1:$F$93,4,FALSE),5,8)&VLOOKUP("*"&U8&"*",Sheet1!$A$1:$F$93,6,FALSE),VLOOKUP("*"&U8&"*",Sheet1!$A$1:$F$93,5,FALSE)&VLOOKUP("*"&U8&"*",Sheet1!$A$1:$F$93,6,FALSE))) | Y9: 转单 | Z9: chuyển đơn
P10: 28G34(2976) | R10: 28G34(2976) | T10: 28G34(2976) | Y10: 改转向 | Z10: đổi chiều
P11: BZN02320A08 | R11: BZN02320A05 | T11: ZN02320A05 | Y11: 洗机 | Z11: rửa máy
B12: EAC4 | D12: EAD4 | F12: EAE4 | H12: EAF4 | J12: EAG4 | M12: EAH4 | O12: EAI4 | P12: H120 | Q12: EAJ4 | R12: H120 | S12: EAK4 | T12: H120 | U12: EAL4 | Y12: 转筒 | Z12: chuyển mâm
A13: =IF(ISNA(VLOOKUP("*"&B12&"*",Sheet1!$A$1:$F$93,5,FALSE)),"",IF(VLOOKUP("*"&B12&"*",Sheet1!$A$1:$F$93,5,FALSE)="",MID(VLOOKUP("*"&B12&"*",Sheet1!$A$1:$F$93,4,FALSE),5,8)&VLOOKUP("*"&B12&"*",Sheet1!$A$1:$F$93,6,FALSE),VLOOKUP("*"&B12&"*",Sheet1!$A$1:$F$93,5,FALSE)&VLOOKUP("*"&B12&"*",Sheet1!$A$1:$F$93,6,FALSE))) | C13: =IF(ISNA(VLOOKUP("*"&D12&"*",Sheet1!$A$1:$F$93,5,FALSE)),"",IF(VLOOKUP("*"&D12&"*",Sheet1!$A$1:$F$93,5,FALSE)="",MID(VLOOKUP("*"&D12&"*",Sheet1!$A$1:$F$93,4,FALSE),5,8)&VLOOKUP("*"&D12&"*",Sheet1!$A$1:$F$93,6,FALSE),VLOOKUP("*"&D12&"*",Sheet1!$A$1:$F$93,5,FALSE)&VLOOKUP("*"&D12&"*",Sheet1!$A$1:$F$93,6,FALSE))) | E13: =IF(ISNA(VLOOKUP("*"&F12&"*",Sheet1!$A$1:$F$93,5,FALSE)),"",IF(VLOOKUP("*"&F12&"*",Sheet1!$A$1:$F$93,5,FALSE)="",MID(VLOOKUP("*"&F12&"*",Sheet1!$A$1:$F$93,4,FALSE),5,8)&VLOOKUP("*"&F12&"*",Sheet1!$A$1:$F$93,6,FALSE),VLOOKUP("*"&F12&"*",Sheet1!$A$1:$F$93,5,FALSE)&VLOOKUP("*"&F12&"*",Sheet1!$A$1:$F$93,6,FALSE))) | G13: =IF(ISNA(VLOOKUP("*"&H12&"*",Sheet1!$A$1:$F$93,5,FALSE)),"",IF(VLOOKUP("*"&H12&"*",Sheet1!$A$1:$F$93,5,FALSE)="",MID(VLOOKUP("*"&H12&"*",Sheet1!$A$1:$F$93,4,FALSE),5,8)&VLOOKUP("*"&H12&"*",Sheet1!$A$1:$F$93,6,FALSE),VLOOKUP("*"&H12&"*",Sheet1!$A$1:$F$93,5,FALSE)&VLOOKUP("*"&H12&"*",Sheet1!$A$1:$F$93,6,FALSE))) | I13: =IF(ISNA(VLOOKUP("*"&J12&"*",Sheet1!$A$1:$F$93,5,FALSE)),"",IF(VLOOKUP("*"&J12&"*",Sheet1!$A$1:$F$93,5,FALSE)="",MID(VLOOKUP("*"&J12&"*",Sheet1!$A$1:$F$93,4,FALSE),5,8)&VLOOKUP("*"&J12&"*",Sheet1!$A$1:$F$93,6,FALSE),VLOOKUP("*"&J12&"*",Sheet1!$A$1:$F$93,5,FALSE)&VLOOKUP("*"&J12&"*",Sheet1!$A$1:$F$93,6,FALSE))) | L13: =IF(ISNA(VLOOKUP("*"&M12&"*",Sheet1!$A$1:$F$93,5,FALSE)),"",IF(VLOOKUP("*"&M12&"*",Sheet1!$A$1:$F$93,5,FALSE)="",MID(VLOOKUP("*"&M12&"*",Sheet1!$A$1:$F$93,4,FALSE),5,8)&VLOOKUP("*"&M12&"*",Sheet1!$A$1:$F$93,6,FALSE),VLOOKUP("*"&M12&"*",Sheet1!$A$1:$F$93,5,FALSE)&VLOOKUP("*"&M12&"*",Sheet1!$A$1:$F$93,6,FALSE))) | N13: =IF(ISNA(VLOOKUP("*"&O12&"*",Sheet1!$A$1:$F$93,5,FALSE)),"",IF(VLOOKUP("*"&O12&"*",Sheet1!$A$1:$F$93,5,FALSE)="",MID(VLOOKUP("*"&O12&"*",Sheet1!$A$1:$F$93,4,FALSE),5,8)&VLOOKUP("*"&O12&"*",Sheet1!$A$1:$F$93,6,FALSE),VLOOKUP("*"&O12&"*",Sheet1!$A$1:$F$93,5,FALSE)&VLOOKUP("*"&O12&"*",Sheet1!$A$1:$F$93,6,FALSE))) | P13: =IF(ISNA(VLOOKUP("*"&Q12&"*",Sheet1!$A$1:$F$93,5,FALSE)),"",IF(VLOOKUP("*"&Q12&"*",Sheet1!$A$1:$F$93,5,FALSE)="",MID(VLOOKUP("*"&Q12&"*",Sheet1!$A$1:$F$93,4,FALSE),5,8)&VLOOKUP("*"&Q12&"*",Sheet1!$A$1:$F$93,6,FALSE),VLOOKUP("*"&Q12&"*",Sheet1!$A$1:$F$93,5,FALSE)&VLOOKUP("*"&Q12&"*",Sheet1!$A$1:$F$93,6,FALSE))) | R13: =IF(ISNA(VLOOKUP("*"&S12&"*",Sheet1!$A$1:$F$93,5,FALSE)),"",IF(VLOOKUP("*"&S12&"*",Sheet1!$A$1:$F$93,5,FALSE)="",MID(VLOOKUP("*"&S12&"*",Sheet1!$A$1:$F$93,4,FALSE),5,8)&VLOOKUP("*"&S12&"*",Sheet1!$A$1:$F$93,6,FALSE),VLOOKUP("*"&S12&"*",Sheet1!$A$1:$F$93,5,FALSE)&VLOOKUP("*"&S12&"*",Sheet1!$A$1:$F$93,6,FALSE))) | T13: =IF(ISNA(VLOOKUP("*"&U12&"*",Sheet1!$A$1:$F$93,5,FALSE)),"",IF(VLOOKUP("*"&U12&"*",Sheet1!$A$1:$F$93,5,FALSE)="",MID(VLOOKUP("*"&U12&"*",Sheet1!$A$1:$F$93,4,FALSE),5,8)&VLOOKUP("*"&U12&"*",Sheet1!$A$1:$F$93,6,FALSE),VLOOKUP("*"&U12&"*",Sheet1!$A$1:$F$93,5,FALSE)&VLOOKUP("*"&U12&"*",Sheet1!$A$1:$F$93,6,FALSE))) | Y13: 开布头 | Z13: Xuống đầu vải
P14: 28G34(2976) | R14: 28G34(2976) | T14: 28G34(2976) | Y14: 改纱长 | Z14: đổi dộ dài sợi
P15: BZN02320A08 | R15: BZN02320A05 | T15: BZN02320A05 | Y15: 较布面 | Z15: xuống mặt vải
B16: EAC5 | D16: EAD5 | F16: EAE5 | H16: EAF5 | J16: EAG5 | M16: EAH5 | O16: EAI5 | P16: H120 | Q16: EAJ5 | R16: H120 | S16: EAK5 | T16: H120 | U16: EAL5 | Y16: 修机 | Z16: sửa máy
A17: =IF(ISNA(VLOOKUP("*"&B16&"*",Sheet1!$A$1:$F$93,5,FALSE)),"",IF(VLOOKUP("*"&B16&"*",Sheet1!$A$1:$F$93,5,FALSE)="",MID(VLOOKUP("*"&B16&"*",Sheet1!$A$1:$F$93,4,FALSE),5,8)&VLOOKUP("*"&B16&"*",Sheet1!$A$1:$F$93,6,FALSE),VLOOKUP("*"&B16&"*",Sheet1!$A$1:$F$93,5,FALSE)&VLOOKUP("*"&B16&"*",Sheet1!$A$1:$F$93,6,FALSE))) | C17: =IF(ISNA(VLOOKUP("*"&D16&"*",Sheet1!$A$1:$F$93,5,FALSE)),"",IF(VLOOKUP("*"&D16&"*",Sheet1!$A$1:$F$93,5,FALSE)="",MID(VLOOKUP("*"&D16&"*",Sheet1!$A$1:$F$93,4,FALSE),5,8)&VLOOKUP("*"&D16&"*",Sheet1!$A$1:$F$93,6,FALSE),VLOOKUP("*"&D16&"*",Sheet1!$A$1:$F$93,5,FALSE)&VLOOKUP("*"&D16&"*",Sheet1!$A$1:$F$93,6,FALSE))) | E17: =IF(ISNA(VLOOKUP("*"&F16&"*",Sheet1!$A$1:$F$93,5,FALSE)),"",IF(VLOOKUP("*"&F16&"*",Sheet1!$A$1:$F$93,5,FALSE)="",MID(VLOOKUP("*"&F16&"*",Sheet1!$A$1:$F$93,4,FALSE),5,8)&VLOOKUP("*"&F16&"*",Sheet1!$A$1:$F$93,6,FALSE),VLOOKUP("*"&F16&"*",Sheet1!$A$1:$F$93,5,FALSE)&VLOOKUP("*"&F16&"*",Sheet1!$A$1:$F$93,6,FALSE))) | G17: =IF(ISNA(VLOOKUP("*"&H16&"*",Sheet1!$A$1:$F$93,5,FALSE)),"",IF(VLOOKUP("*"&H16&"*",Sheet1!$A$1:$F$93,5,FALSE)="",MID(VLOOKUP("*"&H16&"*",Sheet1!$A$1:$F$93,4,FALSE),5,8)&VLOOKUP("*"&H16&"*",Sheet1!$A$1:$F$93,6,FALSE),VLOOKUP("*"&H16&"*",Sheet1!$A$1:$F$93,5,FALSE)&VLOOKUP("*"&H16&"*",Sheet1!$A$1:$F$93,6,FALSE))) | I17: =IF(ISNA(VLOOKUP("*"&J16&"*",Sheet1!$A$1:$F$93,5,FALSE)),"",IF(VLOOKUP("*"&J16&"*",Sheet1!$A$1:$F$93,5,FALSE)="",MID(VLOOKUP("*"&J16&"*",Sheet1!$A$1:$F$93,4,FALSE),5,8)&VLOOKUP("*"&J16&"*",Sheet1!$A$1:$F$93,6,FALSE),VLOOKUP("*"&J16&"*",Sheet1!$A$1:$F$93,5,FALSE)&VLOOKUP("*"&J16&"*",Sheet1!$A$1:$F$93,6,FALSE))) | L17: =IF(ISNA(VLOOKUP("*"&M16&"*",Sheet1!$A$1:$F$93,5,FALSE)),"",IF(VLOOKUP("*"&M16&"*",Sheet1!$A$1:$F$93,5,FALSE)="",MID(VLOOKUP("*"&M16&"*",Sheet1!$A$1:$F$93,4,FALSE),5,8)&VLOOKUP("*"&M16&"*",Sheet1!$A$1:$F$93,6,FALSE),VLOOKUP("*"&M16&"*",Sheet1!$A$1:$F$93,5,FALSE)&VLOOKUP("*"&M16&"*",Sheet1!$A$1:$F$93,6,FALSE))) | N17: =IF(ISNA(VLOOKUP("*"&O16&"*",Sheet1!$A$1:$F$93,5,FALSE)),"",IF(VLOOKUP("*"&O16&"*",Sheet1!$A$1:$F$93,5,FALSE)="",MID(VLOOKUP("*"&O16&"*",Sheet1!$A$1:$F$93,4,FALSE),5,8)&VLOOKUP("*"&O16&"*",Sheet1!$A$1:$F$93,6,FALSE),VLOOKUP("*"&O16&"*",Sheet1!$A$1:$F$93,5,FALSE)&VLOOKUP("*"&O16&"*",Sheet1!$A$1:$F$93,6,FALSE))) | P17: =IF(ISNA(VLOOKUP("*"&Q16&"*",Sheet1!$A$1:$F$93,5,FALSE)),"",IF(VLOOKUP("*"&Q16&"*",Sheet1!$A$1:$F$93,5,FALSE)="",MID(VLOOKUP("*"&Q16&"*",Sheet1!$A$1:$F$93,4,FALSE),5,8)&VLOOKUP("*"&Q16&"*",Sheet1!$A$1:$F$93,6,FALSE),VLOOKUP("*"&Q16&"*",Sheet1!$A$1:$F$93,5,FALSE)&VLOOKUP("*"&Q16&"*",Sheet1!$A$1:$F$93,6,FALSE))) | R17: =IF(ISNA(VLOOKUP("*"&S16&"*",Sheet1!$A$1:$F$93,5,FALSE)),"",IF(VLOOKUP("*"&S16&"*",Sheet1!$A$1:$F$93,5,FALSE)="",MID(VLOOKUP("*"&S16&"*",Sheet1!$A$1:$F$93,4,FALSE),5,8)&VLOOKUP("*"&S16&"*",Sheet1!$A$1:$F$93,6,FALSE),VLOOKUP("*"&S16&"*",Sheet1!$A$1:$F$93,5,FALSE)&VLOOKUP("*"&S16&"*",Sheet1!$A$1:$F$93,6,FALSE))) | T17: =IF(ISNA(VLOOKUP("*"&U16&"*",Sheet1!$A$1:$F$93,5,FALSE)),"",IF(VLOOKUP("*"&U16&"*",Sheet1!$A$1:$F$93,5,FALSE)="",MID(VLOOKUP("*"&U16&"*",Sheet1!$A$1:$F$93,4,FALSE),5,8)&VLOOKUP("*"&U16&"*",Sheet1!$A$1:$F$93,6,FALSE),VLOOKUP("*"&U16&"*",Sheet1!$A$1:$F$93,5,FALSE)&VLOOKUP("*"&U16&"*",Sheet1!$A$1:$F$93,6,FALSE))) | Y17: 起大牙 | Z17: bánh răng
P18: 28G34(2976) | R18: 28G34(2976) | T18: 28G34(2976)
P20: BZN02331A08 | R20: BZN02331A08 | T20: BZN02331A08
B21: EAC6 | D21: EAD6 | F21: EAE6 | H21: EAF6 | J21: EAG6 | M21: EAH6 | O21: EAI6 | P21: H120 | Q21: EAJ6 | R21: H120 | S21: EAK6 | T21: H120 | U21: EAL6
A22: =IF(ISNA(VLOOKUP("*"&B21&"*",Sheet1!$A$1:$F$93,5,FALSE)),"",IF(VLOOKUP("*"&B21&"*",Sheet1!$A$1:$F$93,5,FALSE)="",MID(VLOOKUP("*"&B21&"*",Sheet1!$A$1:$F$93,4,FALSE),5,8)&VLOOKUP("*"&B21&"*",Sheet1!$A$1:$F$93,6,FALSE),VLOOKUP("*"&B21&"*",Sheet1!$A$1:$F$93,5,FALSE)&VLOOKUP("*"&B21&"*",Sheet1!$A$1:$F$93,6,FALSE))) | C22: =IF(ISNA(VLOOKUP("*"&D21&"*",Sheet1!$A$1:$F$93,5,FALSE)),"",IF(VLOOKUP("*"&D21&"*",Sheet1!$A$1:$F$93,5,FALSE)="",MID(VLOOKUP("*"&D21&"*",Sheet1!$A$1:$F$93,4,FALSE),5,8)&VLOOKUP("*"&D21&"*",Sheet1!$A$1:$F$93,6,FALSE),VLOOKUP("*"&D21&"*",Sheet1!$A$1:$F$93,5,FALSE)&VLOOKUP("*"&D21&"*",Sheet1!$A$1:$F$93,6,FALSE))) | E22: =IF(ISNA(VLOOKUP("*"&F21&"*",Sheet1!$A$1:$F$93,5,FALSE)),"",IF(VLOOKUP("*"&F21&"*",Sheet1!$A$1:$F$93,5,FALSE)="",MID(VLOOKUP("*"&F21&"*",Sheet1!$A$1:$F$93,4,FALSE),5,8)&VLOOKUP("*"&F21&"*",Sheet1!$A$1:$F$93,6,FALSE),VLOOKUP("*"&F21&"*",Sheet1!$A$1:$F$93,5,FALSE)&VLOOKUP("*"&F21&"*",Sheet1!$A$1:$F$93,6,FALSE))) | G22: =IF(ISNA(VLOOKUP("*"&H21&"*",Sheet1!$A$1:$F$93,5,FALSE)),"",IF(VLOOKUP("*"&H21&"*",Sheet1!$A$1:$F$93,5,FALSE)="",MID(VLOOKUP("*"&H21&"*",Sheet1!$A$1:$F$93,4,FALSE),5,8)&VLOOKUP("*"&H21&"*",Sheet1!$A$1:$F$93,6,FALSE),VLOOKUP("*"&H21&"*",Sheet1!$A$1:$F$93,5,FALSE)&VLOOKUP("*"&H21&"*",Sheet1!$A$1:$F$93,6,FALSE))) | I22: =IF(ISNA(VLOOKUP("*"&J21&"*",Sheet1!$A$1:$F$93,5,FALSE)),"",IF(VLOOKUP("*"&J21&"*",Sheet1!$A$1:$F$93,5,FALSE)="",MID(VLOOKUP("*"&J21&"*",Sheet1!$A$1:$F$93,4,FALSE),5,8)&VLOOKUP("*"&J21&"*",Sheet1!$A$1:$F$93,6,FALSE),VLOOKUP("*"&J21&"*",Sheet1!$A$1:$F$93,5,FALSE)&VLOOKUP("*"&J21&"*",Sheet1!$A$1:$F$93,6,FALSE))) | L22: =IF(ISNA(VLOOKUP("*"&M21&"*",Sheet1!$A$1:$F$93,5,FALSE)),"",IF(VLOOKUP("*"&M21&"*",Sheet1!$A$1:$F$93,5,FALSE)="",MID(VLOOKUP("*"&M21&"*",Sheet1!$A$1:$F$93,4,FALSE),5,8)&VLOOKUP("*"&M21&"*",Sheet1!$A$1:$F$93,6,FALSE),VLOOKUP("*"&M21&"*",Sheet1!$A$1:$F$93,5,FALSE)&VLOOKUP("*"&M21&"*",Sheet1!$A$1:$F$93,6,FALSE))) | N22: =IF(ISNA(VLOOKUP("*"&O21&"*",Sheet1!$A$1:$F$93,5,FALSE)),"",IF(VLOOKUP("*"&O21&"*",Sheet1!$A$1:$F$93,5,FALSE)="",MID(VLOOKUP("*"&O21&"*",Sheet1!$A$1:$F$93,4,FALSE),5,8)&VLOOKUP("*"&O21&"*",Sheet1!$A$1:$F$93,6,FALSE),VLOOKUP("*"&O21&"*",Sheet1!$A$1:$F$93,5,FALSE)&VLOOKUP("*"&O21&"*",Sheet1!$A$1:$F$93,6,FALSE))) | P22: =IF(ISNA(VLOOKUP("*"&Q21&"*",Sheet1!$A$1:$F$93,5,FALSE)),"",IF(VLOOKUP("*"&Q21&"*",Sheet1!$A$1:$F$93,5,FALSE)="",MID(VLOOKUP("*"&Q21&"*",Sheet1!$A$1:$F$93,4,FALSE),5,8)&VLOOKUP("*"&Q21&"*",Sheet1!$A$1:$F$93,6,FALSE),VLOOKUP("*"&Q21&"*",Sheet1!$A$1:$F$93,5,FALSE)&VLOOKUP("*"&Q21&"*",Sheet1!$A$1:$F$93,6,FALSE))) | R22: =IF(ISNA(VLOOKUP("*"&S21&"*",Sheet1!$A$1:$F$93,5,FALSE)),"",IF(VLOOKUP("*"&S21&"*",Sheet1!$A$1:$F$93,5,FALSE)="",MID(VLOOKUP("*"&S21&"*",Sheet1!$A$1:$F$93,4,FALSE),5,8)&VLOOKUP("*"&S21&"*",Sheet1!$A$1:$F$93,6,FALSE),VLOOKUP("*"&S21&"*",Sheet1!$A$1:$F$93,5,FALSE)&VLOOKUP("*"&S21&"*",Sheet1!$A$1:$F$93,6,FALSE))) | T22: =IF(ISNA(VLOOKUP("*"&U21&"*",Sheet1!$A$1:$F$93,5,FALSE)),"",IF(VLOOKUP("*"&U21&"*",Sheet1!$A$1:$F$93,5,FALSE)="",MID(VLOOKUP("*"&U21&"*",Sheet1!$A$1:$F$93,4,FALSE),5,8)&VLOOKUP("*"&U21&"*",Sheet1!$A$1:$F$93,6,FALSE),VLOOKUP("*"&U21&"*",Sheet1!$A$1:$F$93,5,FALSE)&VLOOKUP("*"&U21&"*",Sheet1!$A$1:$F$93,6,FALSE)))
P23: 28G34(2976) | R23: 28G34(2976) | T23: 28G34(2976)
T24: BZN02331A08
B25: EAC7 | D25: EAD7 | F25: EAE7 | H25: EAF7 | J25: EAG7 | M25: EAH7 | O25: EAI7 | Q25: EAJ7 | S25: EAK7 | T25: H120 | U25: EAL7
A26: =IF(ISNA(VLOOKUP("*"&B25&"*",Sheet1!$A$1:$F$93,5,FALSE)),"",IF(VLOOKUP("*"&B25&"*",Sheet1!$A$1:$F$93,5,FALSE)="",MID(VLOOKUP("*"&B25&"*",Sheet1!$A$1:$F$93,4,FALSE),5,8)&VLOOKUP("*"&B25&"*",Sheet1!$A$1:$F$93,6,FALSE),VLOOKUP("*"&B25&"*",Sheet1!$A$1:$F$93,5,FALSE)&VLOOKUP("*"&B25&"*",Sheet1!$A$1:$F$93,6,FALSE))) | C26: =IF(ISNA(VLOOKUP("*"&D25&"*",Sheet1!$A$1:$F$93,5,FALSE)),"",IF(VLOOKUP("*"&D25&"*",Sheet1!$A$1:$F$93,5,FALSE)="",MID(VLOOKUP("*"&D25&"*",Sheet1!$A$1:$F$93,4,FALSE),5,8)&VLOOKUP("*"&D25&"*",Sheet1!$A$1:$F$93,6,FALSE),VLOOKUP("*"&D25&"*",Sheet1!$A$1:$F$93,5,FALSE)&VLOOKUP("*"&D25&"*",Sheet1!$A$1:$F$93,6,FALSE))) | E26: =IF(ISNA(VLOOKUP("*"&F25&"*",Sheet1!$A$1:$F$93,5,FALSE)),"",IF(VLOOKUP("*"&F25&"*",Sheet1!$A$1:$F$93,5,FALSE)="",MID(VLOOKUP("*"&F25&"*",Sheet1!$A$1:$F$93,4,FALSE),5,8)&VLOOKUP("*"&F25&"*",Sheet1!$A$1:$F$93,6,FALSE),VLOOKUP("*"&F25&"*",Sheet1!$A$1:$F$93,5,FALSE)&VLOOKUP("*"&F25&"*",Sheet1!$A$1:$F$93,6,FALSE))) | G26: =IF(ISNA(VLOOKUP("*"&H25&"*",Sheet1!$A$1:$F$93,5,FALSE)),"",IF(VLOOKUP("*"&H25&"*",Sheet1!$A$1:$F$93,5,FALSE)="",MID(VLOOKUP("*"&H25&"*",Sheet1!$A$1:$F$93,4,FALSE),5,8)&VLOOKUP("*"&H25&"*",Sheet1!$A$1:$F$93,6,FALSE),VLOOKUP("*"&H25&"*",Sheet1!$A$1:$F$93,5,FALSE)&VLOOKUP("*"&H25&"*",Sheet1!$A$1:$F$93,6,FALSE))) | I26: =IF(ISNA(VLOOKUP("*"&J25&"*",Sheet1!$A$1:$F$93,5,FALSE)),"",IF(VLOOKUP("*"&J25&"*",Sheet1!$A$1:$F$93,5,FALSE)="",MID(VLOOKUP("*"&J25&"*",Sheet1!$A$1:$F$93,4,FALSE),5,8)&VLOOKUP("*"&J25&"*",Sheet1!$A$1:$F$93,6,FALSE),VLOOKUP("*"&J25&"*",Sheet1!$A$1:$F$93,5,FALSE)&VLOOKUP("*"&J25&"*",Sheet1!$A$1:$F$93,6,FALSE))) | L26: =IF(ISNA(VLOOKUP("*"&M25&"*",Sheet1!$A$1:$F$93,5,FALSE)),"",IF(VLOOKUP("*"&M25&"*",Sheet1!$A$1:$F$93,5,FALSE)="",MID(VLOOKUP("*"&M25&"*",Sheet1!$A$1:$F$93,4,FALSE),5,8)&VLOOKUP("*"&M25&"*",Sheet1!$A$1:$F$93,6,FALSE),VLOOKUP("*"&M25&"*",Sheet1!$A$1:$F$93,5,FALSE)&VLOOKUP("*"&M25&"*",Sheet1!$A$1:$F$93,6,FALSE))) | N26: =IF(ISNA(VLOOKUP("*"&O25&"*",Sheet1!$A$1:$F$93,5,FALSE)),"",IF(VLOOKUP("*"&O25&"*",Sheet1!$A$1:$F$93,5,FALSE)="",MID(VLOOKUP("*"&O25&"*",Sheet1!$A$1:$F$93,4,FALSE),5,8)&VLOOKUP("*"&O25&"*",Sheet1!$A$1:$F$93,6,FALSE),VLOOKUP("*"&O25&"*",Sheet1!$A$1:$F$93,5,FALSE)&VLOOKUP("*"&O25&"*",Sheet1!$A$1:$F$93,6,FALSE))) | P26: =IF(ISNA(VLOOKUP("*"&Q25&"*",Sheet1!$A$1:$F$93,5,FALSE)),"",IF(VLOOKUP("*"&Q25&"*",Sheet1!$A$1:$F$93,5,FALSE)="",MID(VLOOKUP("*"&Q25&"*",Sheet1!$A$1:$F$93,4,FALSE),5,8)&VLOOKUP("*"&Q25&"*",Sheet1!$A$1:$F$93,6,FALSE),VLOOKUP("*"&Q25&"*",Sheet1!$A$1:$F$93,5,FALSE)&VLOOKUP("*"&Q25&"*",Sheet1!$A$1:$F$93,6,FALSE))) | R26: =IF(ISNA(VLOOKUP("*"&S25&"*",Sheet1!$A$1:$F$93,5,FALSE)),"",IF(VLOOKUP("*"&S25&"*",Sheet1!$A$1:$F$93,5,FALSE)="",MID(VLOOKUP("*"&S25&"*",Sheet1!$A$1:$F$93,4,FALSE),5,8)&VLOOKUP("*"&S25&"*",Sheet1!$A$1:$F$93,6,FALSE),VLOOKUP("*"&S25&"*",Sheet1!$A$1:$F$93,5,FALSE)&VLOOKUP("*"&S25&"*",Sheet1!$A$1:$F$93,6,FALSE))) | T26: =IF(ISNA(VLOOKUP("*"&U25&"*",Sheet1!$A$1:$F$93,5,FALSE)),"",IF(VLOOKUP("*"&U25&"*",Sheet1!$A$1:$F$93,5,FALSE)="",MID(VLOOKUP("*"&U25&"*",Sheet1!$A$1:$F$93,4,FALSE),5,8)&VLOOKUP("*"&U25&"*",Sheet1!$A$1:$F$93,6,FALSE),VLOOKUP("*"&U25&"*",Sheet1!$A$1:$F$93,5,FALSE)&VLOOKUP("*"&U25&"*",Sheet1!$A$1:$F$93,6,FALSE)))
T27: 28G34(2976)
B29: EAC8 | D29: EAD8 | F29: EAE8 | H29: EAF8 | J29: EAG8 | M29: EAH8 | O29: EAI8 | Q29: EAJ8 | S29: EAK8 | U29: EAL8
A30: =IF(ISNA(VLOOKUP("*"&B29&"*",Sheet1!$A$1:$F$93,5,FALSE)),"",IF(VLOOKUP("*"&B29&"*",Sheet1!$A$1:$F$93,5,FALSE)="",MID(VLOOKUP("*"&B29&"*",Sheet1!$A$1:$F$93,4,FALSE),5,8)&VLOOKUP("*"&B29&"*",Sheet1!$A$1:$F$93,6,FALSE),VLOOKUP("*"&B29&"*",Sheet1!$A$1:$F$93,5,FALSE)&VLOOKUP("*"&B29&"*",Sheet1!$A$1:$F$93,6,FALSE))) | C30: =IF(ISNA(VLOOKUP("*"&D29&"*",Sheet1!$A$1:$F$93,5,FALSE)),"",IF(VLOOKUP("*"&D29&"*",Sheet1!$A$1:$F$93,5,FALSE)="",MID(VLOOKUP("*"&D29&"*",Sheet1!$A$1:$F$93,4,FALSE),5,8)&VLOOKUP("*"&D29&"*",Sheet1!$A$1:$F$93,6,FALSE),VLOOKUP("*"&D29&"*",Sheet1!$A$1:$F$93,5,FALSE)&VLOOKUP("*"&D29&"*",Sheet1!$A$1:$F$93,6,FALSE))) | E30: =IF(ISNA(VLOOKUP("*"&F29&"*",Sheet1!$A$1:$F$93,5,FALSE)),"",IF(VLOOKUP("*"&F29&"*",Sheet1!$A$1:$F$93,5,FALSE)="",MID(VLOOKUP("*"&F29&"*",Sheet1!$A$1:$F$93,4,FALSE),5,8)&VLOOKUP("*"&F29&"*",Sheet1!$A$1:$F$93,6,FALSE),VLOOKUP("*"&F29&"*",Sheet1!$A$1:$F$93,5,FALSE)&VLOOKUP("*"&F29&"*",Sheet1!$A$1:$F$93,6,FALSE))) | G30: =IF(ISNA(VLOOKUP("*"&H29&"*",Sheet1!$A$1:$F$93,5,FALSE)),"",IF(VLOOKUP("*"&H29&"*",Sheet1!$A$1:$F$93,5,FALSE)="",MID(VLOOKUP("*"&H29&"*",Sheet1!$A$1:$F$93,4,FALSE),5,8)&VLOOKUP("*"&H29&"*",Sheet1!$A$1:$F$93,6,FALSE),VLOOKUP("*"&H29&"*",Sheet1!$A$1:$F$93,5,FALSE)&VLOOKUP("*"&H29&"*",Sheet1!$A$1:$F$93,6,FALSE))) | I30: =IF(ISNA(VLOOKUP("*"&J29&"*",Sheet1!$A$1:$F$93,5,FALSE)),"",IF(VLOOKUP("*"&J29&"*",Sheet1!$A$1:$F$93,5,FALSE)="",MID(VLOOKUP("*"&J29&"*",Sheet1!$A$1:$F$93,4,FALSE),5,8)&VLOOKUP("*"&J29&"*",Sheet1!$A$1:$F$93,6,FALSE),VLOOKUP("*"&J29&"*",Sheet1!$A$1:$F$93,5,FALSE)&VLOOKUP("*"&J29&"*",Sheet1!$A$1:$F$93,6,FALSE))) | L30: =IF(ISNA(VLOOKUP("*"&M29&"*",Sheet1!$A$1:$F$93,5,FALSE)),"",IF(VLOOKUP("*"&M29&"*",Sheet1!$A$1:$F$93,5,FALSE)="",MID(VLOOKUP("*"&M29&"*",Sheet1!$A$1:$F$93,4,FALSE),5,8)&VLOOKUP("*"&M29&"*",Sheet1!$A$1:$F$93,6,FALSE),VLOOKUP("*"&M29&"*",Sheet1!$A$1:$F$93,5,FALSE)&VLOOKUP("*"&M29&"*",Sheet1!$A$1:$F$93,6,FALSE))) | N30: =IF(ISNA(VLOOKUP("*"&O29&"*",Sheet1!$A$1:$F$93,5,FALSE)),"",IF(VLOOKUP("*"&O29&"*",Sheet1!$A$1:$F$93,5,FALSE)="",MID(VLOOKUP("*"&O29&"*",Sheet1!$A$1:$F$93,4,FALSE),5,8)&VLOOKUP("*"&O29&"*",Sheet1!$A$1:$F$93,6,FALSE),VLOOKUP("*"&O29&"*",Sheet1!$A$1:$F$93,5,FALSE)&VLOOKUP("*"&O29&"*",Sheet1!$A$1:$F$93,6,FALSE))) | P30: =IF(ISNA(VLOOKUP("*"&Q29&"*",Sheet1!$A$1:$F$93,5,FALSE)),"",IF(VLOOKUP("*"&Q29&"*",Sheet1!$A$1:$F$93,5,FALSE)="",MID(VLOOKUP("*"&Q29&"*",Sheet1!$A$1:$F$93,4,FALSE),5,8)&VLOOKUP("*"&Q29&"*",Sheet1!$A$1:$F$93,6,FALSE),VLOOKUP("*"&Q29&"*",Sheet1!$A$1:$F$93,5,FALSE)&VLOOKUP("*"&Q29&"*",Sheet1!$A$1:$F$93,6,FALSE))) | R30: =IF(ISNA(VLOOKUP("*"&S29&"*",Sheet1!$A$1:$F$93,5,FALSE)),"",IF(VLOOKUP("*"&S29&"*",Sheet1!$A$1:$F$93,5,FALSE)="",MID(VLOOKUP("*"&S29&"*",Sheet1!$A$1:$F$93,4,FALSE),5,8)&VLOOKUP("*"&S29&"*",Sheet1!$A$1:$F$93,6,FALSE),VLOOKUP("*"&S29&"*",Sheet1!$A$1:$F$93,5,FALSE)&VLOOKUP("*"&S29&"*",Sheet1!$A$1:$F$93,6,FALSE))) | T30: =IF(ISNA(VLOOKUP("*"&U29&"*",Sheet1!$A$1:$F$93,5,FALSE)),"",IF(VLOOKUP("*"&U29&"*",Sheet1!$A$1:$F$93,5,FALSE)="",MID(VLOOKUP("*"&U29&"*",Sheet1!$A$1:$F$93,4,FALSE),5,8)&VLOOKUP("*"&U29&"*",Sheet1!$A$1:$F$93,6,FALSE),VLOOKUP("*"&U29&"*",Sheet1!$A$1:$F$93,5,FALSE)&VLOOKUP("*"&U29&"*",Sheet1!$A$1:$F$93,6,FALSE)))
A32: 靠公司大门方向

Sheet Sheet1
